ControlSet,CacheEntryPosition,Path,LastModifiedTimeUTC,Executed,Duplicate,SourceFile
1,0,C:\Windows\system32\SgrmBroker.exe,15-09-18 7:29,No,FALSE,C:\Users\Fatima\Downloads\100-SysInternals\config\SYSTEM
1,1,C:\Windows\system32\sc.exe,15-09-18 7:29,No,FALSE,C:\Users\Fatima\Downloads\100-SysInternals\config\SYSTEM
1,2,C:\Windows\SysWOW64\sc.exe,15-09-18 7:29,Yes,FALSE,C:\Users\Fatima\Downloads\100-SysInternals\config\SYSTEM
1,3,C:\Windows\SysWOW64\net1.exe,15-09-18 7:29,No,FALSE,C:\Users\Fatima\Downloads\100-SysInternals\config\SYSTEM
1,4,C:\Windows\SysWOW64\net.exe,15-09-18 7:29,Yes,FALSE,C:\Users\Fatima\Downloads\100-SysInternals\config\SYSTEM
1,5,C:\Windows\vmtoolsIO.exe,15-11-22 21:19,No,FALSE,C:\Users\Fatima\Downloads\100-SysInternals\config\SYSTEM
1,6,C:\Windows\System32\conhost.exe,15-09-18 7:28,Yes,FALSE,C:\Users\Fatima\Downloads\100-SysInternals\config\SYSTEM
1,7,C:\Windows\SystemApps\Microsoft.Windows.AppRep.ChxApp_cw5n1h2txyewy\Application,19-03-19 20:55,No,FALSE,C:\Users\Fatima\Downloads\100-SysInternals\config\SYSTEM
1,8,C:\Users\Public\Downloads\SysInternals.exe,15-11-22 21:18,Yes,FALSE,C:\Users\Fatima\Downloads\100-SysInternals\config\SYSTEM
1,9,C:\Windows\System32\PickerHost.exe,15-09-18 7:28,No,FALSE,C:\Users\Fatima\Downloads\100-SysInternals\config\SYSTEM
1,10,C:\Windows\SystemApps\InputApp_cw5n1h2txyewy\Application,19-03-19 13:19,No,FALSE,C:\Users\Fatima\Downloads\100-SysInternals\config\SYSTEM
1,11,C:\Windows\system32\vm3dservice.exe,31-08-21 11:04,No,FALSE,C:\Users\Fatima\Downloads\100-SysInternals\config\SYSTEM
1,12,C:\Windows\system32\consent.exe,15-09-18 7:28,No,FALSE,C:\Users\Fatima\Downloads\100-SysInternals\config\SYSTEM
1,13,C:\Program Files\VMware\VMware Tools\TPAutoConnect.exe,22-03-18 9:04,Yes,FALSE,C:\Users\Fatima\Downloads\100-SysInternals\config\SYSTEM
1,14,C:\Windows\Temp\{EDDFDBE8-940C-46FF-99AE-D64A11EEB770}\.be\VC_redist.x64.exe,15-11-22 20:14,No,FALSE,C:\Users\Fatima\Downloads\100-SysInternals\config\SYSTEM
1,15,C:\Windows\Temp\{265B3E7C-AA04-4CC3-99BC-48E2A9221AEE}\.cr\vcredist_x64.exe,15-11-22 20:14,No,FALSE,C:\Users\Fatima\Downloads\100-SysInternals\config\SYSTEM
1,16,C:\Windows\Temp\{1FF5D624-5515-4343-837A-E54C101573E6}~setup\vcredist_x64.exe,15-11-22 20:14,No,FALSE,C:\Users\Fatima\Downloads\100-SysInternals\config\SYSTEM
1,17,C:\Windows\Temp\{D402560A-0EED-4396-92A0-01F1FDD8B129}\.be\VC_redist.x86.exe,15-11-22 20:14,No,FALSE,C:\Users\Fatima\Downloads\100-SysInternals\config\SYSTEM
1,18,C:\Windows\Temp\{FC0BC965-B092-42AE-A530-986B05D463F7}\.cr\vcredist_x86.exe,15-11-22 20:14,No,FALSE,C:\Users\Fatima\Downloads\100-SysInternals\config\SYSTEM
1,19,C:\Windows\Temp\{1FF5D624-5515-4343-837A-E54C101573E6}~setup\vcredist_x86.exe,15-11-22 20:14,No,FALSE,C:\Users\Fatima\Downloads\100-SysInternals\config\SYSTEM
1,20,C:\Windows\TEMP\0297083B-7C4B-42C0-AC47-D97153C55577\dismhost.exe,15-09-18 6:09,No,FALSE,C:\Users\Fatima\Downloads\100-SysInternals\config\SYSTEM
1,21,C:\Windows\TEMP\vmware-SYSTEM\00007bab\setup64.exe,15-11-22 20:14,No,FALSE,C:\Users\Fatima\Downloads\100-SysInternals\config\SYSTEM
1,22,C:\Windows\TEMP\vmware-SYSTEM\00007bab\setup.exe,15-11-22 20:14,Yes,FALSE,C:\Users\Fatima\Downloads\100-SysInternals\config\SYSTEM
1,23,C:\Windows\system32\Sysprep\sysprep.exe,15-09-18 7:28,No,FALSE,C:\Users\Fatima\Downloads\100-SysInternals\config\SYSTEM
1,24,C:\ProgramData\Microsoft\Windows Defender\platform\4.18.1902.2-0\MpCmdRun.exe,19-03-19 13:08,No,FALSE,C:\Users\Fatima\Downloads\100-SysInternals\config\SYSTEM
1,25,C:\Program Files\VMware\VMware Tools\VMwareResolutionSet.exe,31-08-21 11:00,No,FALSE,C:\Users\Fatima\Downloads\100-SysInternals\config\SYSTEM
1,26,C:\Windows\TEMP\vmware-SYSTEM\VMwareToolsUpgrader.exe,31-08-21 7:14,Yes,FALSE,C:\Users\Fatima\Downloads\100-SysInternals\config\SYSTEM
1,27,C:\Windows\Microsoft.NET\Framework\v4.0.30319\NGenTask.exe,15-09-18 7:29,No,FALSE,C:\Users\Fatima\Downloads\100-SysInternals\config\SYSTEM
1,28,C:\Windows\Microsoft.NET\Framework64\v4.0.30319\NGenTask.exe,15-09-18 7:29,No,FALSE,C:\Users\Fatima\Downloads\100-SysInternals\config\SYSTEM
1,29,C:\Windows\system32\sppsvc.exe,19-03-19 13:15,No,FALSE,C:\Users\Fatima\Downloads\100-SysInternals\config\SYSTEM
1,30,C:\Windows\system32\wlrmdr.exe,15-09-18 7:28,No,FALSE,C:\Users\Fatima\Downloads\100-SysInternals\config\SYSTEM
1,31,C:\Windows\Temp\sdelete.exe,15-11-18 15:33,Yes,FALSE,C:\Users\Fatima\Downloads\100-SysInternals\config\SYSTEM
1,32,C:\Windows\Temp\ultradefrag-portable-6.1.0.i386\udefrag.exe,19-04-15 12:57,Yes,FALSE,C:\Users\Fatima\Downloads\100-SysInternals\config\SYSTEM
1,33,C:\Windows\System32\msdtc.exe,15-09-18 7:29,No,FALSE,C:\Users\Fatima\Downloads\100-SysInternals\config\SYSTEM
1,34,C:\Program Files\Common Files\VMware\Drivers\vss\comreg.exe,31-08-21 11:04,No,FALSE,C:\Users\Fatima\Downloads\100-SysInternals\config\SYSTEM
1,35,C:\Program Files\VMware\VMware Tools\vmtoolsd.exe,31-08-21 11:00,No,FALSE,C:\Users\Fatima\Downloads\100-SysInternals\config\SYSTEM
1,36,C:\Program Files\VMware\VMware Tools\guestproxycerttool.exe,22-03-18 10:00,Yes,FALSE,C:\Users\Fatima\Downloads\100-SysInternals\config\SYSTEM
1,37,C:\Windows\syswow64\WOWReg32.exe,15-09-18 7:29,No,FALSE,C:\Users\Fatima\Downloads\100-SysInternals\config\SYSTEM
1,38,C:\Program Files\VMware\VMware Tools\VMware VGAuth\VGAuthService.exe,31-08-21 10:43,No,FALSE,C:\Users\Fatima\Downloads\100-SysInternals\config\SYSTEM
1,39,C:\Program Files\VMware\VMware Tools\vmacthlp.exe,22-03-18 9:56,Yes,FALSE,C:\Users\Fatima\Downloads\100-SysInternals\config\SYSTEM
1,40,C:\Program Files\VMware\VMware Tools\TPVCGateway.exe,22-03-18 9:04,Yes,FALSE,C:\Users\Fatima\Downloads\100-SysInternals\config\SYSTEM
1,41,C:\Program Files\VMware\VMware Tools\TPAutoConnSvc.exe,22-03-18 9:04,Yes,FALSE,C:\Users\Fatima\Downloads\100-SysInternals\config\SYSTEM
1,42,C:\Windows\System32\printui.exe,15-09-18 7:28,No,FALSE,C:\Users\Fatima\Downloads\100-SysInternals\config\SYSTEM
1,43,c:\0d44ffe1b31dc1b68652a027f5c7\install.exe,19-04-11 11:09,Yes,FALSE,C:\Users\Fatima\Downloads\100-SysInternals\config\SYSTEM
1,44,C:\Users\IEUser\AppData\Local\Temp\{43D9111A-EA02-4682-BF3C-EFDCB62A89B0}~setup\vcredist_x64.exe,19-03-19 13:24,Yes,FALSE,C:\Users\Fatima\Downloads\100-SysInternals\config\SYSTEM
1,45,c:\b1b4a6487d9ed7b94c6e\install.exe,19-04-11 7:30,Yes,FALSE,C:\Users\Fatima\Downloads\100-SysInternals\config\SYSTEM
1,46,C:\Program Files (x86)\7-Zip\7zFM.exe,19-11-10 4:09,No,FALSE,C:\Users\Fatima\Downloads\100-SysInternals\config\SYSTEM
1,47,C:\Users\IEUser\AppData\Local\Temp\{43D9111A-EA02-4682-BF3C-EFDCB62A89B0}~setup\vcredist_x86.exe,19-03-19 13:24,Yes,FALSE,C:\Users\Fatima\Downloads\100-SysInternals\config\SYSTEM
1,48,C:\Windows\Temp\VMWare\setup64.exe,22-03-18 10:11,Yes,FALSE,C:\Users\Fatima\Downloads\100-SysInternals\config\SYSTEM
1,49,C:\Windows\Temp\VMWare\setup.exe,22-03-18 10:11,Yes,FALSE,C:\Users\Fatima\Downloads\100-SysInternals\config\SYSTEM
1,50,C:\Program Files (x86)\7-Zip\7z.exe,19-11-10 4:08,Yes,FALSE,C:\Users\Fatima\Downloads\100-SysInternals\config\SYSTEM
1,51,C:\Windows\System32\OpenSSH\scp.exe,15-09-18 9:08,No,FALSE,C:\Users\Fatima\Downloads\100-SysInternals\config\SYSTEM
1,52,C:\Windows\System32\OpenSSH\ssh-keygen.exe,15-09-18 9:08,No,FALSE,C:\Users\Fatima\Downloads\100-SysInternals\config\SYSTEM
1,53,C:\Windows\System32\OpenSSH\sshd.exe,19-03-19 13:23,No,FALSE,C:\Users\Fatima\Downloads\100-SysInternals\config\SYSTEM
1,54,C:\Windows\system32\hostname.EXE,15-09-18 7:29,No,FALSE,C:\Users\Fatima\Downloads\100-SysInternals\config\SYSTEM
1,55,C:\Users\IEUser\AppData\Local\Temp\852DE2B4-535E-4A18-A709-0EEB2A6FE810\dismhost.exe,15-09-18 6:09,No,FALSE,C:\Users\Fatima\Downloads\100-SysInternals\config\SYSTEM
1,56,C:\Windows\System32\shutdown.exe,15-09-18 7:28,No,FALSE,C:\Users\Fatima\Downloads\100-SysInternals\config\SYSTEM
1,57,C:\Program Files\Puppet Labs\Puppet\bin\run_puppet_interactive.bat,25-04-16 20:19,No,FALSE,C:\Users\Fatima\Downloads\100-SysInternals\config\SYSTEM
1,58,C:\Program Files\Puppet Labs\Puppet\bin\run_facter_interactive.bat,25-04-16 20:19,No,FALSE,C:\Users\Fatima\Downloads\100-SysInternals\config\SYSTEM
1,59,C:\Program Files\Puppet Labs\Puppet\sys\ruby\bin\ruby.exe,25-04-16 20:43,No,FALSE,C:\Users\Fatima\Downloads\100-SysInternals\config\SYSTEM
1,60,C:\ProgramData\chocolatey\bin\choco.exe,15-03-19 19:57,No,FALSE,C:\Users\Fatima\Downloads\100-SysInternals\config\SYSTEM
1,61,C:\ProgramData\chocolatey\choco.exe,15-03-19 19:57,No,FALSE,C:\Users\Fatima\Downloads\100-SysInternals\config\SYSTEM
1,62,C:\Windows\System32\setx.exe,15-09-18 7:29,No,FALSE,C:\Users\Fatima\Downloads\100-SysInternals\config\SYSTEM
1,63,C:\Windows\Microsoft.NET\Framework64\v4.0.30319\cvtres.exe,15-09-18 7:29,No,FALSE,C:\Users\Fatima\Downloads\100-SysInternals\config\SYSTEM
1,64,C:\Windows\Microsoft.NET\Framework64\v4.0.30319\csc.exe,15-09-18 7:29,No,FALSE,C:\Users\Fatima\Downloads\100-SysInternals\config\SYSTEM
1,65,C:\Users\IEUser\AppData\Local\Temp\chocolatey\chocInstall\7za.exe,19-03-19 13:21,No,FALSE,C:\Users\Fatima\Downloads\100-SysInternals\config\SYSTEM
1,66,C:\Windows\system32\dashost.exe,15-09-18 7:28,No,FALSE,C:\Users\Fatima\Downloads\100-SysInternals\config\SYSTEM
1,67,"0000000b	03e84563015c0000	000c000000000000	8664	Microsoft.MicrosoftEdgeDevToolsClient	8wekyb3d8bbwe	neutral",,No,FALSE,C:\Users\Fatima\Downloads\100-SysInternals\config\SYSTEM
1,68,C:\Windows\system32\MusNotificationUx.exe,19-03-19 13:15,No,FALSE,C:\Users\Fatima\Downloads\100-SysInternals\config\SYSTEM
1,69,C:\Windows\system32\MusNotification.exe,19-03-19 13:15,No,FALSE,C:\Users\Fatima\Downloads\100-SysInternals\config\SYSTEM
1,70,C:\Windows\system32\MusNotifyIcon.exe,19-03-19 13:15,No,FALSE,C:\Users\Fatima\Downloads\100-SysInternals\config\SYSTEM
1,71,C:\Windows\system32\usoclient.exe,15-09-18 7:28,No,FALSE,C:\Users\Fatima\Downloads\100-SysInternals\config\SYSTEM
1,72,C:\Windows\System32\FodHelper.exe,15-09-18 7:29,No,FALSE,C:\Users\Fatima\Downloads\100-SysInternals\config\SYSTEM
1,73,C:\Windows\System32\Speech_OneCore\Common\SpeechRuntime.exe,15-09-18 7:28,No,FALSE,C:\Users\Fatima\Downloads\100-SysInternals\config\SYSTEM
1,74,C:\Windows\ImmersiveControlPanel\SystemSettings.exe,15-09-18 7:29,No,FALSE,C:\Users\Fatima\Downloads\100-SysInternals\config\SYSTEM
1,75,C:\ProgramData\Microsoft\Windows Defender\platform\4.18.1902.2-0\NisSrv.exe,19-03-19 13:08,No,FALSE,C:\Users\Fatima\Downloads\100-SysInternals\config\SYSTEM
1,76,C:\ProgramData\Microsoft\Windows Defender\platform\4.18.1902.2-0\MsMpEng.exe,19-03-19 13:08,No,FALSE,C:\Users\Fatima\Downloads\100-SysInternals\config\SYSTEM
1,77,C:\Users\IEUser\AppData\Local\Temp\6792C904-1DF6-4AA9-AE27-AA4769FC0F51\MpSigStub.exe,19-03-19 13:08,No,FALSE,C:\Users\Fatima\Downloads\100-SysInternals\config\SYSTEM
1,78,C:\Windows\SoftwareDistribution\Download\Install\UpdatePlatform.exe,19-03-19 13:07,No,FALSE,C:\Users\Fatima\Downloads\100-SysInternals\config\SYSTEM
1,79,C:\Windows\winsxs\amd64_microsoft-windows-servicingstack_31bf3856ad364e35_10.0.17763.164_none_7e114a3d4d0589d4\TiWorker.exe,15-09-18 6:09,No,FALSE,C:\Users\Fatima\Downloads\100-SysInternals\config\SYSTEM
1,80,C:\Users\IEUser\AppData\Local\Microsoft\OneDrive\18.143.0717.0002\FileCoAuth.exe,19-03-19 13:01,No,FALSE,C:\Users\Fatima\Downloads\100-SysInternals\config\SYSTEM
1,81,C:\Windows\Microsoft.NET\Framework64\v4.0.30319\mscorsvw.exe,15-09-18 7:29,No,FALSE,C:\Users\Fatima\Downloads\100-SysInternals\config\SYSTEM
1,82,C:\Windows\Microsoft.NET\Framework\v4.0.30319\mscorsvw.exe,15-09-18 7:29,No,FALSE,C:\Users\Fatima\Downloads\100-SysInternals\config\SYSTEM
1,83,C:\Windows\Microsoft.NET\Framework64\v4.0.30319\Ngen.exe,15-09-18 7:29,No,FALSE,C:\Users\Fatima\Downloads\100-SysInternals\config\SYSTEM
1,84,C:\Windows\Microsoft.NET\Framework\v4.0.30319\Ngen.exe,15-09-18 7:29,No,FALSE,C:\Users\Fatima\Downloads\100-SysInternals\config\SYSTEM
1,85,C:\Windows\SoftwareDistribution\Download\Install\AM_Delta.exe,19-03-19 13:02,No,FALSE,C:\Users\Fatima\Downloads\100-SysInternals\config\SYSTEM
1,86,C:\Windows\SoftwareDistribution\Download\Install\AM_Base.exe,19-03-19 13:02,No,FALSE,C:\Users\Fatima\Downloads\100-SysInternals\config\SYSTEM
1,87,C:\Windows\system32\MpSigStub.exe,19-03-19 13:02,No,FALSE,C:\Users\Fatima\Downloads\100-SysInternals\config\SYSTEM
1,88,C:\Windows\SoftwareDistribution\Download\Install\AM_Engine.exe,19-03-19 13:02,No,FALSE,C:\Users\Fatima\Downloads\100-SysInternals\config\SYSTEM
1,89,C:\Windows\SoftwareDistribution\Download\Install\MpSigStub.exe,19-03-19 13:02,No,FALSE,C:\Users\Fatima\Downloads\100-SysInternals\config\SYSTEM
1,90,C:\Windows\system32\AppHostRegistrationVerifier.exe,15-09-18 7:28,No,FALSE,C:\Users\Fatima\Downloads\100-SysInternals\config\SYSTEM
1,91,C:\Windows\system32\wbem\WmiApSrv.exe,15-09-18 7:28,No,FALSE,C:\Users\Fatima\Downloads\100-SysInternals\config\SYSTEM
1,92,C:\Windows\System32\LocationNotificationWindows.exe,15-09-18 7:29,No,FALSE,C:\Users\Fatima\Downloads\100-SysInternals\config\SYSTEM
1,93,C:\Program Files\WindowsApps\Microsoft.BingWeather_4.25.12127.0_x64__8wekyb3d8bbwe\Application,19-03-19 20:55,No,FALSE,C:\Users\Fatima\Downloads\100-SysInternals\config\SYSTEM
1,94,C:\Program Files\Microsoft Silverlight\5.1.50918.0\Silverlight.Configuration.exe,24-10-18 3:26,No,FALSE,C:\Users\Fatima\Downloads\100-SysInternals\config\SYSTEM
1,95,C:\Program Files\WindowsApps\Microsoft.Messaging_3.43.27001.0_x64__8wekyb3d8bbwe\Application,19-03-19 20:55,No,FALSE,C:\Users\Fatima\Downloads\100-SysInternals\config\SYSTEM
1,96,\\?\C:\Windows\system32\wbem\WMIADAP.EXE,15-09-18 7:28,No,FALSE,C:\Users\Fatima\Downloads\100-SysInternals\config\SYSTEM
1,97,C:\Users\IEUser\AppData\Local\Microsoft\OneDrive\Update\OneDriveSetup.exe,19-03-19 13:04,No,FALSE,C:\Users\Fatima\Downloads\100-SysInternals\config\SYSTEM
1,98,C:\Program Files\WindowsApps\Microsoft.OneConnect_5.1807.1991.0_x64__8wekyb3d8bbwe\Application,19-03-19 20:56,No,FALSE,C:\Users\Fatima\Downloads\100-SysInternals\config\SYSTEM
1,99,C:\Program Files\WindowsApps\Microsoft.Wallet_2.2.18179.0_x64__8wekyb3d8bbwe\Application,19-03-19 20:56,No,FALSE,C:\Users\Fatima\Downloads\100-SysInternals\config\SYSTEM
1,100,C:\Users\IEUser\AppData\Local\Microsoft\OneDrive\OneDrive.exe,19-03-19 13:01,No,FALSE,C:\Users\Fatima\Downloads\100-SysInternals\config\SYSTEM
1,101,C:\Users\IEUser\AppData\Local\Microsoft\OneDrive\18.143.0717.0002\FileSyncConfig.exe,19-03-19 13:01,No,FALSE,C:\Users\Fatima\Downloads\100-SysInternals\config\SYSTEM
1,102,C:\Program Files\WindowsApps\Microsoft.XboxApp_41.41.18001.0_x64__8wekyb3d8bbwe\Application,19-03-19 20:56,No,FALSE,C:\Users\Fatima\Downloads\100-SysInternals\config\SYSTEM
1,103,C:\Program Files\WindowsApps\Microsoft.XboxGameOverlay_1.32.17005.0_x64__8wekyb3d8bbwe\Application,19-03-19 20:56,No,FALSE,C:\Users\Fatima\Downloads\100-SysInternals\config\SYSTEM
1,104,C:\Windows\system32\MRT.exe,19-03-19 13:04,No,FALSE,C:\Users\Fatima\Downloads\100-SysInternals\config\SYSTEM
1,105,C:\Windows\SoftwareDistribution\Download\Install\Windows-KB890830-x64-V5.70.exe,19-03-19 13:02,No,FALSE,C:\Users\Fatima\Downloads\100-SysInternals\config\SYSTEM
1,106,C:\Program Files\WindowsApps\Microsoft.SkypeApp_14.26.95.0_x64__kzf8qxf38zg5c\Application,19-03-19 20:56,No,FALSE,C:\Users\Fatima\Downloads\100-SysInternals\config\SYSTEM
1,107,C:\Program Files\WindowsApps\Microsoft.WindowsAlarms_10.1805.1361.0_x64__8wekyb3d8bbwe\Application,19-03-19 20:56,No,FALSE,C:\Users\Fatima\Downloads\100-SysInternals\config\SYSTEM
1,108,C:\Windows\SysWOW64\rundll32.exe,15-09-18 7:29,Yes,FALSE,C:\Users\Fatima\Downloads\100-SysInternals\config\SYSTEM
1,109,c:\Windows\syswow64\MsiExec.exe,15-09-18 7:29,Yes,FALSE,C:\Users\Fatima\Downloads\100-SysInternals\config\SYSTEM
1,110,C:\Program Files\Microsoft Silverlight\5.1.50918.0\coregen.exe,24-10-18 3:26,Yes,FALSE,C:\Users\Fatima\Downloads\100-SysInternals\config\SYSTEM
1,111,C:\Windows\Installer\MSI1134.tmp,19-03-19 13:03,Yes,FALSE,C:\Users\Fatima\Downloads\100-SysInternals\config\SYSTEM
1,112,"0000000b	000a000045630001	000a000000000000	8664	Microsoft.CredDialogHost	cw5n1h2txyewy	",,No,FALSE,C:\Users\Fatima\Downloads\100-SysInternals\config\SYSTEM
1,113,"0000000b	000a000045630001	000a000038390000	8664	Microsoft.ECApp	8wekyb3d8bbwe	",,No,FALSE,C:\Users\Fatima\Downloads\100-SysInternals\config\SYSTEM
1,114,C:\Program Files (x86)\Microsoft Silverlight\5.1.50918.0\coregen.exe,24-10-18 3:06,Yes,FALSE,C:\Users\Fatima\Downloads\100-SysInternals\config\SYSTEM
1,115,C:\Windows\Installer\MSIDD42.tmp,19-03-19 13:03,Yes,FALSE,C:\Users\Fatima\Downloads\100-SysInternals\config\SYSTEM
1,116,"0000000b	03e8456300010000	000a000000000000	8664	Microsoft.Windows.AssignedAccessLockApp	cw5n1h2txyewy	neutral",,No,FALSE,C:\Users\Fatima\Downloads\100-SysInternals\config\SYSTEM
1,117,C:\Windows\Installer\MSID12B.tmp,19-03-19 13:03,Yes,FALSE,C:\Users\Fatima\Downloads\100-SysInternals\config\SYSTEM
1,118,C:\Windows\Installer\MSID0FB.tmp,19-03-19 13:03,Yes,FALSE,C:\Users\Fatima\Downloads\100-SysInternals\config\SYSTEM
1,119,C:\Windows\system32\msiexec.exe,15-09-18 7:29,Yes,FALSE,C:\Users\Fatima\Downloads\100-SysInternals\config\SYSTEM
1,120,c:\5752171d4ebdbaa67c84aad7b2dd2b84\install.exe,24-10-18 4:41,Yes,FALSE,C:\Users\Fatima\Downloads\100-SysInternals\config\SYSTEM
1,121,"0000000b	03e8456300010000	03e8456300010000	8664	InputApp	cw5n1h2txyewy	neutral",,No,FALSE,C:\Users\Fatima\Downloads\100-SysInternals\config\SYSTEM
1,122,C:\Windows\SoftwareDistribution\Download\Install\Silverlight_x64.exe,19-03-19 13:02,Yes,FALSE,C:\Users\Fatima\Downloads\100-SysInternals\config\SYSTEM
1,123,C:\Windows\system32\vssvc.exe,15-09-18 7:28,No,FALSE,C:\Users\Fatima\Downloads\100-SysInternals\config\SYSTEM
1,124,C:\Windows\system32\wuauclt.exe,15-09-18 7:28,No,FALSE,C:\Users\Fatima\Downloads\100-SysInternals\config\SYSTEM
1,125,"0000000b	000a000045630001	000a000045630001	8664	F46D4000-FD22-4DB4-AC8E-4E1DDDE828FE	cw5n1h2txyewy	neutral",,No,FALSE,C:\Users\Fatima\Downloads\100-SysInternals\config\SYSTEM
1,126,"0000000b	000a000045630001	000a000045630001	8664	E2A4F912-2574-4A75-9BB0-0D023378592B	cw5n1h2txyewy	neutral",,No,FALSE,C:\Users\Fatima\Downloads\100-SysInternals\config\SYSTEM
1,127,"0000000b	000a000045630001	000a000042ee0000	8664	c5e2524a-ea46-4f67-841f-6a9465d9d515	cw5n1h2txyewy	neutral",,No,FALSE,C:\Users\Fatima\Downloads\100-SysInternals\config\SYSTEM
1,128,"0000000b	000a000045630001	000a000038390000	8664	Microsoft.AsyncTextService	8wekyb3d8bbwe	",,No,FALSE,C:\Users\Fatima\Downloads\100-SysInternals\config\SYSTEM
1,129,"0000000b	000a000045630001	000a000000000000	8664	Microsoft.LockApp	cw5n1h2txyewy	",,No,FALSE,C:\Users\Fatima\Downloads\100-SysInternals\config\SYSTEM
1,130,"0000000b	03e8456300010000	000c000000000000	8664	Microsoft.MicrosoftEdgeDevToolsClient	8wekyb3d8bbwe	neutral",,No,FALSE,C:\Users\Fatima\Downloads\100-SysInternals\config\SYSTEM
1,131,"0000000b	000a000045630001	000b000000000000	8664	Microsoft.Win32WebViewHost	cw5n1h2txyewy	neutral",,No,FALSE,C:\Users\Fatima\Downloads\100-SysInternals\config\SYSTEM
1,132,"0000000b	000a000045630001	000a000045630001	8664	1527c705-839a-4832-9118-54d4Bd6a0c89	cw5n1h2txyewy	neutral",,No,FALSE,C:\Users\Fatima\Downloads\100-SysInternals\config\SYSTEM
1,133,"0000000b	000a000045630001	000a0000452b0000	8664	Microsoft.Windows.NarratorQuickStart	8wekyb3d8bbwe	neutral",,No,FALSE,C:\Users\Fatima\Downloads\100-SysInternals\config\SYSTEM
1,134,"0000000b	000a000045630001	000a000045630001	8664	Microsoft.Windows.CapturePicker	cw5n1h2txyewy	",,No,FALSE,C:\Users\Fatima\Downloads\100-SysInternals\config\SYSTEM
1,135,"0000000b	03e8456300010000	000a000000000000	8664	Microsoft.Windows.Apprep.ChxApp	cw5n1h2txyewy	neutral",,No,FALSE,C:\Users\Fatima\Downloads\100-SysInternals\config\SYSTEM
1,136,"0000000b	000a000045630001	000a000000000000	8664	Microsoft.Windows.OOBENetworkCaptivePortal	cw5n1h2txyewy	",,No,FALSE,C:\Users\Fatima\Downloads\100-SysInternals\config\SYSTEM
1,137,"0000000b	000a000045630001	000a000000000000	8664	Microsoft.Windows.OOBENetworkConnectionFlow	cw5n1h2txyewy	",,No,FALSE,C:\Users\Fatima\Downloads\100-SysInternals\config\SYSTEM
1,138,"0000000b	03e8456300010000	000a000000000000	8664	Microsoft.Windows.ParentalControls	cw5n1h2txyewy	neutral",,No,FALSE,C:\Users\Fatima\Downloads\100-SysInternals\config\SYSTEM
1,139,"0000000b	03e8456300010000	000a000000000000	8664	Microsoft.Windows.PinningConfirmationDialog	cw5n1h2txyewy	",,No,FALSE,C:\Users\Fatima\Downloads\100-SysInternals\config\SYSTEM
1,140,"0000000b	000a000045630001	000a000045630001	8664	Microsoft.Windows.XGpuEjectDialog	cw5n1h2txyewy	neutral",,No,FALSE,C:\Users\Fatima\Downloads\100-SysInternals\config\SYSTEM
1,141,"0000000b	000a000045630001	000a000042990000	8664	Windows.CBSPreview	cw5n1h2txyewy	neutral",,No,FALSE,C:\Users\Fatima\Downloads\100-SysInternals\config\SYSTEM
1,142,"0000000b	0006000200010000	03e8456300010000	8664	Windows.PrintDialog	cw5n1h2txyewy	neutral",,No,FALSE,C:\Users\Fatima\Downloads\100-SysInternals\config\SYSTEM
1,143,C:\Windows\SysWOW64\OneDriveSetup.exe,15-09-18 9:09,No,FALSE,C:\Users\Fatima\Downloads\100-SysInternals\config\SYSTEM
1,144,C:\Windows\system32\SecurityHealthService.exe,19-03-19 13:15,No,FALSE,C:\Users\Fatima\Downloads\100-SysInternals\config\SYSTEM
1,145,C:\Windows\System32\SecurityHealthSystray.exe,15-09-18 7:28,No,FALSE,C:\Users\Fatima\Downloads\100-SysInternals\config\SYSTEM
1,146,C:\Windows\system32\verclsid.exe,15-09-18 7:28,No,FALSE,C:\Users\Fatima\Downloads\100-SysInternals\config\SYSTEM
1,147,C:\Windows\regedit.exe,15-09-18 7:29,No,FALSE,C:\Users\Fatima\Downloads\100-SysInternals\config\SYSTEM
1,148,C:\Windows\syswow64\odbcad32.exe,15-09-18 7:29,No,FALSE,C:\Users\Fatima\Downloads\100-SysInternals\config\SYSTEM
1,149,C:\Program Files\Windows NT\Accessories\wordpad.exe,15-09-18 7:29,No,FALSE,C:\Users\Fatima\Downloads\100-SysInternals\config\SYSTEM
1,150,C:\Windows\system32\WindowsPowerShell\v1.0\PowerShell_ISE.exe,15-09-18 7:29,No,FALSE,C:\Users\Fatima\Downloads\100-SysInternals\config\SYSTEM
1,151,C:\Windows\system32\SnippingTool.exe,15-09-18 7:29,No,FALSE,C:\Users\Fatima\Downloads\100-SysInternals\config\SYSTEM
1,152,C:\Windows\system32\quickassist.exe,15-09-18 9:08,No,FALSE,C:\Users\Fatima\Downloads\100-SysInternals\config\SYSTEM
1,153,C:\Windows\system32\psr.exe,15-09-18 7:28,No,FALSE,C:\Users\Fatima\Downloads\100-SysInternals\config\SYSTEM
1,154,C:\Windows\system32\osk.exe,15-09-18 7:28,No,FALSE,C:\Users\Fatima\Downloads\100-SysInternals\config\SYSTEM
1,155,C:\Windows\system32\odbcad32.exe,15-09-18 7:29,No,FALSE,C:\Users\Fatima\Downloads\100-SysInternals\config\SYSTEM
1,156,C:\Windows\system32\notepad.exe,15-09-18 7:28,No,FALSE,C:\Users\Fatima\Downloads\100-SysInternals\config\SYSTEM
1,157,C:\Windows\system32\narrator.exe,15-09-18 7:28,No,FALSE,C:\Users\Fatima\Downloads\100-SysInternals\config\SYSTEM
1,158,C:\Windows\system32\msinfo32.exe,15-09-18 7:29,No,FALSE,C:\Users\Fatima\Downloads\100-SysInternals\config\SYSTEM
1,159,C:\Windows\system32\MdSched.exe,15-09-18 7:29,No,FALSE,C:\Users\Fatima\Downloads\100-SysInternals\config\SYSTEM
1,160,C:\Windows\system32\magnify.exe,15-09-18 7:28,No,FALSE,C:\Users\Fatima\Downloads\100-SysInternals\config\SYSTEM
1,161,C:\Windows\system32\iscsicpl.exe,15-09-18 7:29,No,FALSE,C:\Users\Fatima\Downloads\100-SysInternals\config\SYSTEM
1,162,C:\Windows\system32\dfrgui.exe,15-09-18 7:29,No,FALSE,C:\Users\Fatima\Downloads\100-SysInternals\config\SYSTEM
1,163,C:\Windows\system32\cleanmgr.exe,15-09-18 7:29,No,FALSE,C:\Users\Fatima\Downloads\100-SysInternals\config\SYSTEM
1,164,C:\Windows\system32\charmap.exe,15-09-18 7:29,No,FALSE,C:\Users\Fatima\Downloads\100-SysInternals\config\SYSTEM
1,165,C:\Windows\system32\mstsc.exe,15-09-18 7:29,No,FALSE,C:\Users\Fatima\Downloads\100-SysInternals\config\SYSTEM
1,166,C:\Program Files (x86)\Windows Media Player\wmplayer.exe,15-09-18 9:08,No,FALSE,C:\Users\Fatima\Downloads\100-SysInternals\config\SYSTEM
1,167,C:\Windows\system32\RecoveryDrive.exe,15-09-18 7:29,No,FALSE,C:\Users\Fatima\Downloads\100-SysInternals\config\SYSTEM
1,168,C:\Windows\system32\control.exe,15-09-18 7:28,No,FALSE,C:\Users\Fatima\Downloads\100-SysInternals\config\SYSTEM
1,169,C:\Program Files\internet explorer\iexplore.exe,15-09-18 9:08,No,FALSE,C:\Users\Fatima\Downloads\100-SysInternals\config\SYSTEM
1,170,C:\Windows\Speech\Common\sapisvr.exe,15-09-18 7:28,No,FALSE,C:\Users\Fatima\Downloads\100-SysInternals\config\SYSTEM
1,171,C:\Program Files\Common Files\Microsoft Shared\Ink\mip.exe,15-09-18 9:08,No,FALSE,C:\Users\Fatima\Downloads\100-SysInternals\config\SYSTEM
1,172,C:\Windows\system32\taskmgr.exe,19-03-19 13:15,No,FALSE,C:\Users\Fatima\Downloads\100-SysInternals\config\SYSTEM
1,173,C:\Windows\System32\mobsync.exe,15-09-18 7:29,No,FALSE,C:\Users\Fatima\Downloads\100-SysInternals\config\SYSTEM
1,174,C:\Windows\system32\WFS.exe,15-09-18 7:29,No,FALSE,C:\Users\Fatima\Downloads\100-SysInternals\config\SYSTEM
1,175,C:\Windows\system32\msconfig.exe,15-09-18 7:29,No,FALSE,C:\Users\Fatima\Downloads\100-SysInternals\config\SYSTEM
1,176,C:\Windows\system32\mspaint.exe,15-09-18 7:28,No,FALSE,C:\Users\Fatima\Downloads\100-SysInternals\config\SYSTEM
1,177,C:\Windows\System32\fsquirt.exe,15-09-18 7:28,No,FALSE,C:\Users\Fatima\Downloads\100-SysInternals\config\SYSTEM
1,178,C:\Windows\system32\RDSPnf.exe,15-09-18 7:29,No,FALSE,C:\Users\Fatima\Downloads\100-SysInternals\config\SYSTEM
1,179,C:\Windows\system32\Windows.WARP.JITService.exe,15-09-18 7:28,No,FALSE,C:\Users\Fatima\Downloads\100-SysInternals\config\SYSTEM
1,180,C:\Program Files\WindowsApps\Microsoft.WindowsStore_11805.1001.49.0_x64__8wekyb3d8bbwe\Application,19-03-19 20:56,No,FALSE,C:\Users\Fatima\Downloads\100-SysInternals\config\SYSTEM
1,181,C:\Windows\system32\browser_broker.exe,19-03-19 13:15,No,FALSE,C:\Users\Fatima\Downloads\100-SysInternals\config\SYSTEM
1,182,C:\Program Files\WindowsApps\microsoft.windowscommunicationsapps_17.9330.21365.0_x64__8wekyb3d8bbwe\Application,19-03-19 20:56,No,FALSE,C:\Users\Fatima\Downloads\100-SysInternals\config\SYSTEM
1,183,C:\Program Files\WindowsApps\Microsoft.Windows.Photos_2018.18051.21218.0_x64__8wekyb3d8bbwe\Application,19-03-19 20:56,No,FALSE,C:\Users\Fatima\Downloads\100-SysInternals\config\SYSTEM
1,184,C:\Windows\system32\ApplicationFrameHost.exe,15-09-18 7:28,No,FALSE,C:\Users\Fatima\Downloads\100-SysInternals\config\SYSTEM
1,185,"0000000b	002c456300010000	000a000045630000	8664	Microsoft.MicrosoftEdge	8wekyb3d8bbwe	",,Yes,FALSE,C:\Users\Fatima\Downloads\100-SysInternals\config\SYSTEM
1,186,C:\Windows\SystemApps\Microsoft.MicrosoftEdge_8wekyb3d8bbwe\Application,19-03-19 13:19,No,FALSE,C:\Users\Fatima\Downloads\100-SysInternals\config\SYSTEM
1,187,C:\Windows\system32\SettingSyncHost.exe,15-09-18 7:28,No,FALSE,C:\Users\Fatima\Downloads\100-SysInternals\config\SYSTEM
1,188,C:\Windows\system32\dmclient.exe,15-09-18 7:28,No,FALSE,C:\Users\Fatima\Downloads\100-SysInternals\config\SYSTEM
1,189,C:\Windows\system32\find.exe,15-09-18 7:29,No,FALSE,C:\Users\Fatima\Downloads\100-SysInternals\config\SYSTEM
1,190,C:\Windows\system32\cscript.exe,15-09-18 7:28,No,FALSE,C:\Users\Fatima\Downloads\100-SysInternals\config\SYSTEM
1,191,C:\Windows\System32\SLUI.exe,15-09-18 7:28,No,FALSE,C:\Users\Fatima\Downloads\100-SysInternals\config\SYSTEM
1,192,C:\Windows\system32\SppExtComObj.exe,19-03-19 13:15,No,FALSE,C:\Users\Fatima\Downloads\100-SysInternals\config\SYSTEM
1,193,C:\Windows\system32\net1.exe,15-09-18 7:29,No,FALSE,C:\Users\Fatima\Downloads\100-SysInternals\config\SYSTEM
1,194,C:\Windows\system32\net.exe,15-09-18 7:29,No,FALSE,C:\Users\Fatima\Downloads\100-SysInternals\config\SYSTEM
1,195,C:\bginfo\Bginfo.exe,19-03-19 20:51,No,FALSE,C:\Users\Fatima\Downloads\100-SysInternals\config\SYSTEM
1,196,C:\Windows\System32\wscript.exe,15-09-18 7:28,No,FALSE,C:\Users\Fatima\Downloads\100-SysInternals\config\SYSTEM
1,197,C:\Windows\System32\Wbem\WMIC.exe,15-09-18 7:28,No,FALSE,C:\Users\Fatima\Downloads\100-SysInternals\config\SYSTEM
1,198,C:\Windows\System32\reg.exe,15-09-18 7:29,No,FALSE,C:\Users\Fatima\Downloads\100-SysInternals\config\SYSTEM
1,199,C:\Windows\SystemApps\Microsoft.Windows.Cortana_cw5n1h2txyewy\Application,19-03-19 13:19,No,FALSE,C:\Users\Fatima\Downloads\100-SysInternals\config\SYSTEM
1,200,C:\Windows\SystemApps\ShellExperienceHost_cw5n1h2txyewy\Application,19-03-19 20:55,No,FALSE,C:\Users\Fatima\Downloads\100-SysInternals\config\SYSTEM
1,201,"00000009	0001000661470000	000a000027410000	8664	Microsoft.NET.Native.Framework.1.6	8wekyb3d8bbwe	",,No,FALSE,C:\Users\Fatima\Downloads\100-SysInternals\config\SYSTEM
1,202,"00000000	0001000661470000	000a000027410000	8664	Microsoft.NET.Native.Framework.1.6	8wekyb3d8bbwe	",,No,FALSE,C:\Users\Fatima\Downloads\100-SysInternals\config\SYSTEM
1,203,"00000009	0001000661470000	000a000027410000	8664	Microsoft.NET.Native.Runtime.1.6	8wekyb3d8bbwe	",,No,FALSE,C:\Users\Fatima\Downloads\100-SysInternals\config\SYSTEM
1,204,"00000000	0001000661470000	000a000027410000	8664	Microsoft.NET.Native.Runtime.1.6	8wekyb3d8bbwe	",,No,FALSE,C:\Users\Fatima\Downloads\100-SysInternals\config\SYSTEM
1,205,"00000009	0001000763bb0000	000a000027410000	8664	Microsoft.NET.Native.Framework.1.7	8wekyb3d8bbwe	",,No,FALSE,C:\Users\Fatima\Downloads\100-SysInternals\config\SYSTEM
1,206,"00000000	0001000763bb0000	000a000027410000	8664	Microsoft.NET.Native.Framework.1.7	8wekyb3d8bbwe	",,No,FALSE,C:\Users\Fatima\Downloads\100-SysInternals\config\SYSTEM
1,207,"00000009	0001000763bb0000	000a000027410000	8664	Microsoft.NET.Native.Runtime.1.7	8wekyb3d8bbwe	",,No,FALSE,C:\Users\Fatima\Downloads\100-SysInternals\config\SYSTEM
1,208,"00000000	0001000763bb0000	000a000027410000	8664	Microsoft.NET.Native.Runtime.1.7	8wekyb3d8bbwe	",,No,FALSE,C:\Users\Fatima\Downloads\100-SysInternals\config\SYSTEM
1,209,"00000009	000e000063520000	000a0000273a0000	8664	Microsoft.VCLibs.140.00	8wekyb3d8bbwe	",,No,FALSE,C:\Users\Fatima\Downloads\100-SysInternals\config\SYSTEM
1,210,"00000000	000e000063520000	000a0000273a0000	8664	Microsoft.VCLibs.140.00	8wekyb3d8bbwe	",,No,FALSE,C:\Users\Fatima\Downloads\100-SysInternals\config\SYSTEM
1,211,C:\Windows\SysWOW64\WindowsPowerShell\v1.0\powershell.exe,15-09-18 7:29,No,FALSE,C:\Users\Fatima\Downloads\100-SysInternals\config\SYSTEM
1,212,C:\Windows\SysWOW64\cmd.exe,15-09-18 7:29,Yes,FALSE,C:\Users\Fatima\Downloads\100-SysInternals\config\SYSTEM
1,213,"0000000b	000a0000000203e8	000a000045630001	8664	windows.immersivecontrolpanel	cw5n1h2txyewy	neutral",,No,FALSE,C:\Users\Fatima\Downloads\100-SysInternals\config\SYSTEM
1,214,C:\Windows\System32\ie4uinit.exe,15-09-18 7:29,No,FALSE,C:\Users\Fatima\Downloads\100-SysInternals\config\SYSTEM
1,215,C:\Windows\System32\WindowsPowerShell\v1.0\powershell.exe,15-09-18 7:29,No,FALSE,C:\Users\Fatima\Downloads\100-SysInternals\config\SYSTEM
1,216,C:\Windows\System32\unregmp2.exe,15-09-18 9:08,No,FALSE,C:\Users\Fatima\Downloads\100-SysInternals\config\SYSTEM
1,217,C:\Windows\System32\cmd.exe,15-09-18 7:29,No,FALSE,C:\Users\Fatima\Downloads\100-SysInternals\config\SYSTEM
1,218,C:\Windows\system32\runonce.exe,15-09-18 7:28,No,FALSE,C:\Users\Fatima\Downloads\100-SysInternals\config\SYSTEM
1,219,C:\Windows\system32\ctfmon.exe,15-09-18 7:28,No,FALSE,C:\Users\Fatima\Downloads\100-SysInternals\config\SYSTEM
1,220,C:\Windows\SysWOW64\regsvr32.exe,15-09-18 7:29,Yes,FALSE,C:\Users\Fatima\Downloads\100-SysInternals\config\SYSTEM
1,221,C:\Windows\system32\regsvr32.exe,15-09-18 7:29,Yes,FALSE,C:\Users\Fatima\Downloads\100-SysInternals\config\SYSTEM
1,222,C:\Windows\System32\CloudExperienceHostBroker.exe,15-09-18 7:28,No,FALSE,C:\Users\Fatima\Downloads\100-SysInternals\config\SYSTEM
1,223,C:\Windows\System32\RuntimeBroker.exe,15-09-18 7:28,No,FALSE,C:\Users\Fatima\Downloads\100-SysInternals\config\SYSTEM
1,224,C:\Windows\System32\smartscreen.exe,19-03-19 13:15,No,FALSE,C:\Users\Fatima\Downloads\100-SysInternals\config\SYSTEM
1,225,"0000000b	000a000045630001	000a000045630000	8664	Microsoft.Windows.CloudExperienceHost	cw5n1h2txyewy	neutral",,Yes,FALSE,C:\Users\Fatima\Downloads\100-SysInternals\config\SYSTEM
1,226,C:\Windows\SystemApps\Microsoft.Windows.CloudExperienceHost_cw5n1h2txyewy\Application,19-03-19 20:55,No,FALSE,C:\Users\Fatima\Downloads\100-SysInternals\config\SYSTEM
1,227,C:\Windows\SystemApps\Microsoft.Windows.ContentDeliveryManager_cw5n1h2txyewy\Application,19-03-19 13:19,No,FALSE,C:\Users\Fatima\Downloads\100-SysInternals\config\SYSTEM
1,228,C:\Windows\system32\SearchFilterHost.exe,19-03-19 13:15,No,FALSE,C:\Users\Fatima\Downloads\100-SysInternals\config\SYSTEM
1,229,C:\Windows\system32\SearchProtocolHost.exe,19-03-19 13:15,No,FALSE,C:\Users\Fatima\Downloads\100-SysInternals\config\SYSTEM
1,230,C:\Windows\Explorer.EXE,19-03-19 13:15,No,FALSE,C:\Users\Fatima\Downloads\100-SysInternals\config\SYSTEM
1,231,C:\Windows\system32\userinit.exe,15-09-18 7:28,No,FALSE,C:\Users\Fatima\Downloads\100-SysInternals\config\SYSTEM
1,232,C:\Windows\system32\MDMAgent.exe,15-09-18 7:28,No,FALSE,C:\Users\Fatima\Downloads\100-SysInternals\config\SYSTEM
1,233,C:\Windows\system32\sihost.exe,15-09-18 7:28,No,FALSE,C:\Users\Fatima\Downloads\100-SysInternals\config\SYSTEM
1,234,C:\Windows\system32\LogonUI.exe,15-09-18 7:28,No,FALSE,C:\Users\Fatima\Downloads\100-SysInternals\config\SYSTEM
1,235,C:\Windows\system32\wermgr.exe,15-09-18 7:28,No,FALSE,C:\Users\Fatima\Downloads\100-SysInternals\config\SYSTEM
1,236,C:\Windows\system32\dxgiadaptercache.exe,15-09-18 7:28,No,FALSE,C:\Users\Fatima\Downloads\100-SysInternals\config\SYSTEM
1,237,C:\Windows\system32\compattelrunner.exe,15-09-18 7:28,No,FALSE,C:\Users\Fatima\Downloads\100-SysInternals\config\SYSTEM
1,238,C:\Windows\system32\devicecensus.exe,15-09-18 7:28,No,FALSE,C:\Users\Fatima\Downloads\100-SysInternals\config\SYSTEM
1,239,C:\Windows\system32\taskhostw.exe,15-09-18 7:28,No,FALSE,C:\Users\Fatima\Downloads\100-SysInternals\config\SYSTEM
1,240,C:\Windows\system32\wbem\wmiprvse.exe,15-09-18 7:28,No,FALSE,C:\Users\Fatima\Downloads\100-SysInternals\config\SYSTEM
1,241,C:\Windows\winsxs\amd64_microsoft-windows-servicingstack_31bf3856ad364e35_10.0.17763.1_none_fa254b2e1f73e660\TiWorker.exe,15-09-18 6:09,No,FALSE,C:\Users\Fatima\Downloads\100-SysInternals\config\SYSTEM
1,242,C:\Windows\system32\DllHost.exe,15-09-18 7:28,No,FALSE,C:\Users\Fatima\Downloads\100-SysInternals\config\SYSTEM
1,243,C:\Windows\system32\utilman.exe,15-09-18 7:28,No,FALSE,C:\Users\Fatima\Downloads\100-SysInternals\config\SYSTEM
1,244,C:\Windows\system32\mcbuilder.exe,15-09-18 7:28,No,FALSE,C:\Users\Fatima\Downloads\100-SysInternals\config\SYSTEM
1,245,C:\Windows\system32\oobe\FirstLogonAnim.exe,15-09-18 7:28,No,FALSE,C:\Users\Fatima\Downloads\100-SysInternals\config\SYSTEM
1,246,C:\Windows\system32\SearchIndexer.exe,19-03-19 13:15,No,FALSE,C:\Users\Fatima\Downloads\100-SysInternals\config\SYSTEM
1,247,C:\Windows\system32\oobe\msoobe.exe,15-09-18 7:28,No,FALSE,C:\Users\Fatima\Downloads\100-SysInternals\config\SYSTEM
1,248,C:\WINDOWS\SYSTEM32\MUIUNATTEND.EXE,15-09-18 7:28,No,FALSE,C:\Users\Fatima\Downloads\100-SysInternals\config\SYSTEM
1,249,C:\Windows\system32\oobe\oobeldr.exe,15-09-18 7:28,No,FALSE,C:\Users\Fatima\Downloads\100-SysInternals\config\SYSTEM
1,250,C:\WINDOWS\SYSTEM32\RUNDLL32.EXE,15-09-18 7:28,No,FALSE,C:\Users\Fatima\Downloads\100-SysInternals\config\SYSTEM
1,251,C:\Windows\system32\provtool.exe,15-09-18 7:28,No,FALSE,C:\Users\Fatima\Downloads\100-SysInternals\config\SYSTEM
1,252,C:\Windows\SysWOW64\ByteCodeGenerator.exe,15-09-18 7:29,No,FALSE,C:\Users\Fatima\Downloads\100-SysInternals\config\SYSTEM
1,253,C:\Windows\system32\ByteCodeGenerator.exe,15-09-18 7:28,No,FALSE,C:\Users\Fatima\Downloads\100-SysInternals\config\SYSTEM
1,254,"00000009	000a46844ef30000	000a0000428b0000	8664	Microsoft.ZuneVideo	8wekyb3d8bbwe	",,No,FALSE,C:\Users\Fatima\Downloads\100-SysInternals\config\SYSTEM
1,255,"00000009	000a46844ef30000	000a0000428b0000	8664	Microsoft.ZuneMusic	8wekyb3d8bbwe	",,No,FALSE,C:\Users\Fatima\Downloads\100-SysInternals\config\SYSTEM
1,256,"00000009	000c002c4e210000	000a000042ee0000	8664	Microsoft.XboxIdentityProvider	8wekyb3d8bbwe	",,No,FALSE,C:\Users\Fatima\Downloads\100-SysInternals\config\SYSTEM
1,257,"00000009	00010020426d0000	000a00003fab0000	8664	Microsoft.XboxGameOverlay	8wekyb3d8bbwe	",,No,FALSE,C:\Users\Fatima\Downloads\100-SysInternals\config\SYSTEM
1,258,"00000009	0029002946510000	000a00003f810000	8664	Microsoft.XboxApp	8wekyb3d8bbwe	",,No,FALSE,C:\Users\Fatima\Downloads\100-SysInternals\config\SYSTEM
1,259,"00000009	2e1d03e900310000	000a000042d20000	8664	Microsoft.WindowsStore	8wekyb3d8bbwe	",,Yes,FALSE,C:\Users\Fatima\Downloads\100-SysInternals\config\SYSTEM
1,260,"00000009	000a070d07950000	000a000042ed0000	8664	Microsoft.WindowsSoundRecorder	8wekyb3d8bbwe	",,No,FALSE,C:\Users\Fatima\Downloads\100-SysInternals\config\SYSTEM
1,261,"00000009	0005070d05970000	000a000042ed0000	8664	Microsoft.WindowsMaps	8wekyb3d8bbwe	",,No,FALSE,C:\Users\Fatima\Downloads\100-SysInternals\config\SYSTEM
1,262,"00000009	0001070d091b0000	000a00003fab0000	8664	Microsoft.WindowsFeedbackHub	8wekyb3d8bbwe	",,No,FALSE,C:\Users\Fatima\Downloads\100-SysInternals\config\SYSTEM
1,263,"00000009	0011247253750000	000a00003f3e0000	8664	microsoft.windowscommunicationsapps	8wekyb3d8bbwe	",,Yes,FALSE,C:\Users\Fatima\Downloads\100-SysInternals\config\SYSTEM
1,264,"00000009	07e201a900780000	000a000042ee0000	8664	Microsoft.WindowsCamera	8wekyb3d8bbwe	",,No,FALSE,C:\Users\Fatima\Downloads\100-SysInternals\config\SYSTEM
1,265,"00000009	000a070d04b10000	000a000042ed0000	8664	Microsoft.WindowsCalculator	8wekyb3d8bbwe	",,No,FALSE,C:\Users\Fatima\Downloads\100-SysInternals\config\SYSTEM
1,266,"00000009	000a070d05510000	000a000042ed0000	8664	Microsoft.WindowsAlarms	8wekyb3d8bbwe	",,No,FALSE,C:\Users\Fatima\Downloads\100-SysInternals\config\SYSTEM
1,267,"00000009	07e2468352e20000	000a000042ee0000	8664	Microsoft.Windows.Photos	8wekyb3d8bbwe	",,Yes,FALSE,C:\Users\Fatima\Downloads\100-SysInternals\config\SYSTEM
1,268,"00000009	0001000030350000	000a00003fab0000	8664	Microsoft.WebMediaExtensions	8wekyb3d8bbwe	",,No,FALSE,C:\Users\Fatima\Downloads\100-SysInternals\config\SYSTEM
1,269,"00000009	0002000247030000	000a00003fab0000	8664	Microsoft.Wallet	8wekyb3d8bbwe	",,No,FALSE,C:\Users\Fatima\Downloads\100-SysInternals\config\SYSTEM
1,270,"00000009	2e1d03e900080000	000a000042d20000	8664	Microsoft.StorePurchaseApp	8wekyb3d8bbwe	",,No,FALSE,C:\Users\Fatima\Downloads\100-SysInternals\config\SYSTEM
1,271,"00000009	000e001a005f0000	000a000042ee0000	8664	Microsoft.SkypeApp	kzf8qxf38zg5c	",,Yes,FALSE,C:\Users\Fatima\Downloads\100-SysInternals\config\SYSTEM
1,272,"00000009	000a070e08400000	000a000045170000	8664	Microsoft.ScreenSketch	8wekyb3d8bbwe	",,No,FALSE,C:\Users\Fatima\Downloads\100-SysInternals\config\SYSTEM
1,273,"00000009	0003000005f10000	000a000042ee0000	8664	Microsoft.Print3D	8wekyb3d8bbwe	",,No,FALSE,C:\Users\Fatima\Downloads\100-SysInternals\config\SYSTEM
1,274,"00000009	000a070d05510000	000a000042ed0000	8664	Microsoft.People	8wekyb3d8bbwe	",,No,FALSE,C:\Users\Fatima\Downloads\100-SysInternals\config\SYSTEM
1,275,"00000009	0005070f07c70000	000a000042ee0000	8664	Microsoft.OneConnect	8wekyb3d8bbwe	",,No,FALSE,C:\Users\Fatima\Downloads\100-SysInternals\config\SYSTEM
1,276,"00000009	3e8127f44e230000	000a00003f3e0000	8664	Microsoft.Office.OneNote	8wekyb3d8bbwe	",,No,FALSE,C:\Users\Fatima\Downloads\100-SysInternals\config\SYSTEM
1,277,"00000009	0004070f2efb0000	000a000042b70000	8664	Microsoft.MSPaint	8wekyb3d8bbwe	",,No,FALSE,C:\Users\Fatima\Downloads\100-SysInternals\config\SYSTEM
1,278,"00000009	07d046a104da0000	000a000045180000	8664	Microsoft.MixedReality.Portal	8wekyb3d8bbwe	",,No,FALSE,C:\Users\Fatima\Downloads\100-SysInternals\config\SYSTEM
1,279,"00000009	00020000000d0000	000a000042af0000	8664	Microsoft.MicrosoftStickyNotes	8wekyb3d8bbwe	",,No,FALSE,C:\Users\Fatima\Downloads\100-SysInternals\config\SYSTEM
1,280,"00000000	0004000114840000	000a000042cd0000	8664	Microsoft.MicrosoftSolitaireCollection	8wekyb3d8bbwe	",,No,FALSE,C:\Users\Fatima\Downloads\100-SysInternals\config\SYSTEM
1,281,"00000009	001122d617260000	000a000037b10000	8664	Microsoft.MicrosoftOfficeHub	8wekyb3d8bbwe	",,No,FALSE,C:\Users\Fatima\Downloads\100-SysInternals\config\SYSTEM
1,282,"00000009	000407103aa40000	000a000042ef0000	8664	Microsoft.Microsoft3DViewer	8wekyb3d8bbwe	",,No,FALSE,C:\Users\Fatima\Downloads\100-SysInternals\config\SYSTEM
1,283,"00000009	0003002b69790000	000a00003ad70000	8664	Microsoft.Messaging	8wekyb3d8bbwe	",,Yes,FALSE,C:\Users\Fatima\Downloads\100-SysInternals\config\SYSTEM
1,284,"00000009	0006000d2d3d0000	000a000042ee0000	8664	Microsoft.Getstarted	8wekyb3d8bbwe	",,No,FALSE,C:\Users\Fatima\Downloads\100-SysInternals\config\SYSTEM
1,285,"00000009	000a06aa28c90000	000a00003fab0000	8664	Microsoft.GetHelp	8wekyb3d8bbwe	",,No,FALSE,C:\Users\Fatima\Downloads\100-SysInternals\config\SYSTEM
1,286,"00000009	0001000055fb0000	000a000045280000	8664	Microsoft.DesktopAppInstaller	8wekyb3d8bbwe	",,No,FALSE,C:\Users\Fatima\Downloads\100-SysInternals\config\SYSTEM
1,287,"00000009	000400192f5f0000	000a000042ee0000	8664	Microsoft.BingWeather	8wekyb3d8bbwe	",,No,FALSE,C:\Users\Fatima\Downloads\100-SysInternals\config\SYSTEM
1,288,"00000000	000a070c00020000	000a000028000000	8664	Microsoft.Advertising.Xaml	8wekyb3d8bbwe	",,No,FALSE,C:\Users\Fatima\Downloads\100-SysInternals\config\SYSTEM
1,289,"00000009	000a070c00020000	000a000028000000	8664	Microsoft.Advertising.Xaml	8wekyb3d8bbwe	",,No,FALSE,C:\Users\Fatima\Downloads\100-SysInternals\config\SYSTEM
1,290,"00000009	000a0000064a0000	000a000028000000	8664	Microsoft.Services.Store.Engagement	8wekyb3d8bbwe	",,No,FALSE,C:\Users\Fatima\Downloads\100-SysInternals\config\SYSTEM
1,291,"00000000	000a0000064a0000	000a000028000000	8664	Microsoft.Services.Store.Engagement	8wekyb3d8bbwe	",,No,FALSE,C:\Users\Fatima\Downloads\100-SysInternals\config\SYSTEM
1,292,"0000000b	03e8456300010000	000a000000000000	8664	Microsoft.XboxGameCallableUI	cw5n1h2txyewy	neutral",,No,FALSE,C:\Users\Fatima\Downloads\100-SysInternals\config\SYSTEM
1,293,"0000000b	000a000045630001	000a000045630001	8664	Microsoft.Windows.ShellExperienceHost	cw5n1h2txyewy	neutral",,No,FALSE,C:\Users\Fatima\Downloads\100-SysInternals\config\SYSTEM
1,294,"0000000b	000a000045630001	000a000000000000	8664	Microsoft.Windows.SecureAssessmentBrowser	cw5n1h2txyewy	neutral",,No,FALSE,C:\Users\Fatima\Downloads\100-SysInternals\config\SYSTEM
1,295,"0000000b	000a000045630001	000a000045630001	8664	Microsoft.Windows.SecHealthUI	cw5n1h2txyewy	",,No,FALSE,C:\Users\Fatima\Downloads\100-SysInternals\config\SYSTEM
1,296,"0000000b	000a000045630001	000a000045630001	8664	Microsoft.Windows.PeopleExperienceHost	cw5n1h2txyewy	neutral",,No,FALSE,C:\Users\Fatima\Downloads\100-SysInternals\config\SYSTEM
1,297,"0000000b	0001000b00054563	000a000045630000	8664	Microsoft.Windows.Cortana	cw5n1h2txyewy	neutral",,Yes,FALSE,C:\Users\Fatima\Downloads\100-SysInternals\config\SYSTEM
1,298,"0000000b	000a000045630001	000a000000000000	8664	Microsoft.Windows.ContentDeliveryManager	cw5n1h2txyewy	neutral",,No,FALSE,C:\Users\Fatima\Downloads\100-SysInternals\config\SYSTEM
1,299,"0000000b	000a000045630001	000b000000000000	8664	Microsoft.Windows.CloudExperienceHost	cw5n1h2txyewy	neutral",,No,FALSE,C:\Users\Fatima\Downloads\100-SysInternals\config\SYSTEM
1,300,"0000000b	000a000045630001	000a000000000000	8664	Microsoft.PPIProjection	cw5n1h2txyewy	neutral",,No,FALSE,C:\Users\Fatima\Downloads\100-SysInternals\config\SYSTEM
1,301,"0000000b	002c456300010000	000c000000000000	8664	Microsoft.MicrosoftEdge	8wekyb3d8bbwe	",,No,FALSE,C:\Users\Fatima\Downloads\100-SysInternals\config\SYSTEM
1,302,C:\Program Files\Windows Defender\NisSrv.exe,15-09-18 7:28,No,FALSE,C:\Users\Fatima\Downloads\100-SysInternals\config\SYSTEM
1,303,C:\Program Files\Windows Defender\MpCmdRun.exe,15-09-18 7:28,No,FALSE,C:\Users\Fatima\Downloads\100-SysInternals\config\SYSTEM
1,304,"0000000b	000a000045630001	000a00003fab0000	8664	Microsoft.BioEnrollment	cw5n1h2txyewy	",,No,FALSE,C:\Users\Fatima\Downloads\100-SysInternals\config\SYSTEM
1,305,"0000000b	000a000045630001	000a000045630001	8664	Microsoft.AccountsControl	cw5n1h2txyewy	",,No,FALSE,C:\Users\Fatima\Downloads\100-SysInternals\config\SYSTEM
1,306,"0000000b	03e8456300010000	000a0000295b0000	8664	Microsoft.AAD.BrokerPlugin	cw5n1h2txyewy	neutral",,No,FALSE,C:\Users\Fatima\Downloads\100-SysInternals\config\SYSTEM
1,307,C:\Windows\system32\DrvInst.exe,15-09-18 7:28,No,FALSE,C:\Users\Fatima\Downloads\100-SysInternals\config\SYSTEM
1,308,C:\Windows\system32\wlms\wlms.exe,15-09-18 9:09,No,FALSE,C:\Users\Fatima\Downloads\100-SysInternals\config\SYSTEM
1,309,C:\Program Files\Windows Defender\MsMpEng.exe,15-09-18 7:28,No,FALSE,C:\Users\Fatima\Downloads\100-SysInternals\config\SYSTEM
1,310,C:\Windows\System32\spoolsv.exe,15-09-18 7:28,No,FALSE,C:\Users\Fatima\Downloads\100-SysInternals\config\SYSTEM
1,311,C:\Windows\servicing\TrustedInstaller.exe,15-09-18 6:09,No,FALSE,C:\Users\Fatima\Downloads\100-SysInternals\config\SYSTEM
1,312,C:\Windows\System32\Upfc.exe,15-09-18 7:28,No,FALSE,C:\Users\Fatima\Downloads\100-SysInternals\config\SYSTEM
1,313,C:\Windows\system32\secinit.exe,15-09-18 7:28,No,FALSE,C:\Users\Fatima\Downloads\100-SysInternals\config\SYSTEM
1,314,C:\Windows\system32\oobe\setup.exe,15-09-18 7:28,No,FALSE,C:\Users\Fatima\Downloads\100-SysInternals\config\SYSTEM
1,315,C:\Windows\system32\oobe\windeploy.exe,15-09-18 7:28,No,FALSE,C:\Users\Fatima\Downloads\100-SysInternals\config\SYSTEM
1,316,C:\Windows\system32\dwm.exe,15-09-18 7:28,Yes,FALSE,C:\Users\Fatima\Downloads\100-SysInternals\config\SYSTEM
1,317,C:\Windows\system32\fontdrvhost.exe,15-09-18 7:28,No,FALSE,C:\Users\Fatima\Downloads\100-SysInternals\config\SYSTEM
1,318,C:\Windows\system32\svchost.exe,15-09-18 7:28,No,FALSE,C:\Users\Fatima\Downloads\100-SysInternals\config\SYSTEM
1,319,C:\Windows\system32\lsass.exe,15-09-18 7:28,No,FALSE,C:\Users\Fatima\Downloads\100-SysInternals\config\SYSTEM
1,320,C:\Windows\system32\services.exe,15-09-18 7:28,No,FALSE,C:\Users\Fatima\Downloads\100-SysInternals\config\SYSTEM
